{
  "name": "D",
  "faces": [
    [
      0,
      1,
      4,
      7,
      2
    ],
    [
      0,
      2,
      6,
      9,
      3
    ],
    [
      0,
      3,
      8,
      5,
      1
    ],
    [
      1,
      5,
      11,
      10,
      4
    ],
    [
      2,
      7,
      13,
      12,
      6
    ],
    [
      3,
      9,
      15,
      14,
      8
    ],
    [
      4,
      10,
      16,
      13,
      7
    ],
    [
      5,
      8,
      14,
      17,
      11
    ],
    [
      6,
      12,
      18,
      15,
      9
    ],
    [
      10,
      11,
      17,
      19,
      16
    ],
    [
      12,
      13,
      16,
      19,
      18
    ],
    [
      14,
      15,
      18,
      19,
      17
    ]
  ],
  "vertices": [
    [
      0,
      0,
      1.07047
    ],
    [
      0.713644,
      0,
      0.797878
    ],
    [
      -0.356822,
      0.618,
      0.797878
    ],
    [
      -0.356822,
      -0.618,
      0.797878
    ],
    [
      0.797878,
      0.618034,
      0.356822
    ],
    [
      0.797878,
      -0.618,
      0.356822
    ],
    [
      -0.934172,
      0.381966,
      0.356822
    ],
    [
      0.136294,
      1,
      0.356822
    ],
    [
      0.136294,
      -1,
      0.356822
    ],
    [
      -0.934172,
      -0.381966,
      0.356822
    ],
    [
      0.934172,
      0.381966,
      -0.356822
    ],
    [
      0.934172,
      -0.381966,
      -0.356822
    ],
    [
      -0.797878,
      0.618,
      -0.356822
    ],
    [
      -0.136294,
      1,
      -0.356822
    ],
    [
      -0.136294,
      -1,
      -0.356822
    ],
    [
      -0.797878,
      -0.618034,
      -0.356822
    ],
    [
      0.356822,
      0.618,
      -0.797878
    ],
    [
      0.356822,
      -0.618,
      -0.797878
    ],
    [
      -0.713644,
      0,
      -0.797878
    ],
    [
      0,
      0,
      -1.07047
    ]
  ]
}
